,precision,recall,f1-score,support
Negative,0.8380588876772083,0.6330313014827018,0.721257625527921,2428.0
Neutral,0.16778523489932887,0.09936406995230525,0.12481278082875687,1258.0
Positive,0.7963389830508475,0.936981493299298,0.8609543355566958,6268.0
accuracy,0.7569821177416114,0.7569821177416114,0.7569821177416114,0.7569821177416114
macro avg,0.6007277018757948,0.556458954911435,0.5690082473044579,9954.0
weighted avg,0.7270779134565329,0.7569821177416114,0.7338446622798611,9954.0
